return_id,order_id,request_date,return_reason
1904,O100019,2024-10-16,Missing/Wrong item
1905,O100067,024-3/-15,No longer needed
1906,O100100,025-3/-12,Not as described
1907,O100124,024-3/-19,Missing/Wrong item
1908,O100126,2024-10-15,Defective
1909,O100224,025-7/-29,No longer needed
1910,O100252,024-9/-21,Not as described
1911,O100269,2023-12-12,Missing/Wrong item
1912,O100290,25-/2-3/,Missing/Wrong item
1913,O100297,025-9/-22,Defective
1914,O100324,024-2/-22,Not as described
1915,O100342,024-9/-13,Defective
1916,O100368,025-9/-10,No longer needed
1917,O100394,024-9/-29,No longer needed
1918,O100415,2024-12-23,Not as described
1919,O100427,024-0/-5/,Slow delivery
1920,O100435,025-8/-21,Not as described
1921,O100460,2023-12-31,Missing/Wrong item
1922,O100481,024-2/-3/,Missing/Wrong item
1923,O100493,023-9/-27,Defective
1924,O100501,024-9/-14,No longer needed
1925,O100504,025-2/-20,No longer needed
1926,O100508,024-2/-18,Defective
1927,O100518,025-8/-10,Not as described
1928,O100543,2023-12-24,No longer needed
1929,O100589,25-/2-6/,Defective
1930,O100598,024-6/-26,Defective
1931,O100637,024-3/-25,No longer needed
1932,O100683,25-/2-8/,Missing/Wrong item
1933,O100684,24-/2-5/,Not as described
1934,O100716,2023-10-23,No longer needed
1935,O100817,25-/2-8/,Missing/Wrong item
1936,O100826,024-5/-28,Defective
1937,O100851,24-/2-6/,Not as described
1938,O100864,025-5/-20,Defective
1939,O100882,24-/2-3/,Defective
1940,O100908,024-1/-8/,No longer needed
1941,O100956,025-2/-20,Not as described
1942,O100995,25-/2-5/,Missing/Wrong item
1943,O101013,025-9/-20,No longer needed
1944,O101026,025-7/-21,Defective
1945,O101033,24-/2-4/,Defective
1946,O101034,025-7/-31,Not as described
1947,O101062,025-3/-22,Defective
1948,O101091,2024-12-18,Defective
1949,O101125,25-/2-2/,No longer needed
1950,O101133,25-/2-9/,Defective
1951,O101139,025-1/-31,No longer needed
1952,O101165,24-/2-6/,Not as described
1953,O101168,2024-12-18,Not as described
1954,O101174,2024-10-28,Not as described
1955,O101184,024-3/-30,Not as described
1956,O101185,024-1/-8/,No longer needed
1957,O101193,024-2/-29,Defective
1958,O101240,024-2/-17,Not as described
1959,O101261,2023-10-29,No longer needed
1960,O101322,024-8/-15,Defective
1961,O101373,2024-11-15,No longer needed
1962,O101391,024-2/-18,Not as described
1963,O101401,025-2/-18,No longer needed
1964,O101408,025-8/-16,No longer needed
1965,O101419,25-/2-5/,Defective
1966,O101429,024-9/-29,Not as described
1967,O101437,24-/2-2/,Defective
1968,O101446,024-9/-16,Defective
1969,O101450,025-4/-11,Missing/Wrong item
1970,O101452,2023-10-29,Defective
1971,O101489,25-/2-4/,Defective
1972,O101505,2023-10-13,Missing/Wrong item
1973,O101506,25-/2-8/,Defective
1974,O101556,025-7/-14,Not as described
1975,O101608,025-7/-21,No longer needed
1976,O101624,024-7/-26,Missing/Wrong item
1977,O101657,24-/2-5/,Slow delivery
1978,O101695,24-/2-2/,Missing/Wrong item
1979,O101721,025-8/-24,Defective
1980,O101735,024-5/-25,Missing/Wrong item
1981,O101738,025-8/-10,Not as described
1982,O101802,024-8/-29,Defective
1983,O101807,025-6/-24,Defective
1984,O101836,024-7/-13,Not as described
1985,O101874,024-4/-19,Defective
1986,O101906,024-7/-20,Defective
1987,O101932,025-7/-31,Defective
1988,O101934,24-/2-1/,Not as described
1989,O101939,024-1/-22,Defective
1990,O101961,024-9/-25,Not as described
1991,O101978,024-3/-24,Not as described
1992,O101981,024-6/-25,No longer needed
1993,O102050,024-0/-9/,Not as described
1994,O102102,025-2/-15,Missing/Wrong item
1995,O102103,024-3/-17,Missing/Wrong item
1996,O102112,024-0/-3/,No longer needed
1997,O102120,24-/2-4/,Defective
1998,O102122,024-9/-18,Missing/Wrong item
1999,O102126,025-7/-30,Not as described
2000,O102153,024-9/-28,Missing/Wrong item
2001,O102162,24-/2-6/,No longer needed
2002,O102167,24-/2-8/,No longer needed
2003,O102172,024-1/-1/,Defective
2004,O102193,024-5/-26,Missing/Wrong item
2005,O102201,025-4/-13,No longer needed
2006,O102221,2023-10-26,No longer needed
2007,O102230,2024-10-28,Not as described
2008,O102248,25-/2-7/,Not as described
2009,O102252,2023-12-15,No longer needed
2010,O102330,024-9/-25,Missing/Wrong item
2011,O102342,24-/2-6/,Defective
2012,O102375,025-9/-15,Not as described
2013,O102424,024-5/-16,Not as described
2014,O102426,25-/2-8/,Defective
2015,O102437,025-2/-19,Not as described
2016,O102453,025-3/-26,Missing/Wrong item
2017,O102516,025-6/-21,Missing/Wrong item
2018,O102523,024-1/-25,Defective
2019,O102536,025-3/-28,Defective
2020,O102543,024-4/-24,No longer needed
2021,O102563,025-6/-20,Defective
2022,O102568,024-9/-30,Missing/Wrong item
2023,O102574,024-3/-18,Defective
2024,O102587,025-2/-12,Missing/Wrong item
2025,O102618,2023-11-27,No longer needed
2026,O102637,024-2/-15,No longer needed
2027,O102640,024-7/-15,Missing/Wrong item
2028,O102641,025-9/-21,No longer needed
2029,O102687,025-7/-24,Defective
2030,O102690,25-/2-9/,Not as described
2031,O102705,024-2/-15,Missing/Wrong item
2032,O102721,024-5/-19,Not as described
2033,O102729,024-9/-29,Not as described
2034,O102735,025-1/-15,No longer needed
2035,O102748,024-6/-11,Missing/Wrong item
2036,O102755,025-9/-23,Defective
2037,O102763,025-2/-20,Missing/Wrong item
2038,O102789,023-9/-24,Missing/Wrong item
2039,O102825,25-/2-9/,Not as described
2040,O102836,024-5/-28,No longer needed
2041,O102844,25-/2-9/,No longer needed
2042,O102850,024-9/-15,Missing/Wrong item
2043,O102857,024-6/-21,No longer needed
2044,O102863,2023-10-30,Missing/Wrong item
2045,O102885,24-/2-5/,Defective
2046,O102909,024-4/-28,Not as described
2047,O102924,024-8/-21,No longer needed
2048,O102967,025-2/-27,Missing/Wrong item
2049,O102987,024-4/-27,Not as described
2050,O102990,025-3/-13,Defective
2051,O103019,025-9/-20,Missing/Wrong item
2052,O103043,2023-12-12,No longer needed
2053,O103103,025-8/-28,Slow delivery
2054,O103129,25-/2-8/,Defective
2055,O103183,023-1/-5/,Defective
2056,O103204,024-6/-13,Missing/Wrong item
2057,O103207,025-5/-19,Defective
2058,O103211,025-8/-19,No longer needed
2059,O103234,24-/2-8/,Missing/Wrong item
2060,O103256,24-/2-2/,Not as described
2061,O103298,024-2/-16,Defective
2062,O103313,024-1/-18,No longer needed
2063,O103326,025-6/-11,No longer needed
2064,O103329,024-6/-24,Not as described
2065,O103365,2024-12-22,Not as described
2066,O103369,25-/2-9/,Defective
2067,O103373,025-7/-23,Defective
2068,O103401,025-1/-21,Not as described
2069,O103406,024-5/-16,No longer needed
2070,O103430,2023-11-30,Missing/Wrong item
2071,O103461,025-9/-21,Missing/Wrong item
2072,O103469,24-/2-4/,No longer needed
2073,O103491,025-5/-13,No longer needed
2074,O103497,2024-12-12,Not as described
2075,O103517,025-1/-19,Defective
2076,O103527,2024-11-17,No longer needed
2077,O103544,024-7/-19,Not as described
2078,O103569,24-/2-1/,Not as described
2079,O103624,024-1/-23,Slow delivery
2080,O103636,2023-12-12,Defective
2081,O103655,2023-11-18,Defective
2082,O103686,24-/2-2/,No longer needed
2083,O103712,25-/2-6/,No longer needed
2084,O103731,024-5/-18,Missing/Wrong item
2085,O103739,25-/2-9/,Not as described
2086,O103757,024-2/-25,Missing/Wrong item
2087,O103766,025-8/-26,No longer needed
2088,O103774,023-0/-4/,Missing/Wrong item
2089,O103801,025-8/-18,Not as described
2090,O103844,024-9/-18,No longer needed
2091,O103867,2023-10-26,No longer needed
2092,O103869,024-5/-23,Defective
2093,O103904,2024-11-16,Defective
2094,O103906,2023-12-14,Missing/Wrong item
2095,O103912,024-3/-17,Defective
2096,O103953,023-2/-1/,Missing/Wrong item
2097,O103954,025-6/-14,Defective
2098,O103960,2023-10-24,Defective
2099,O103966,025-7/-29,Defective
2100,O103997,2023-12-30,Not as described
2101,O104010,24-/2-2/,Missing/Wrong item
2102,O104033,024-1/-14,Defective
2103,O104071,025-6/-17,Defective
2104,O104094,023-2/-1/,Not as described
2105,O104099,25-/2-5/,Missing/Wrong item
2106,O104101,2024-12-22,No longer needed
2107,O104152,25-/2-1/,Slow delivery
2108,O104183,025-6/-17,No longer needed
2109,O104196,25-/2-6/,No longer needed
2110,O104208,25-/2-7/,Defective
2111,O104260,025-5/-25,Missing/Wrong item
2112,O104299,024-5/-19,Not as described
2113,O104307,024-5/-20,No longer needed
2114,O104310,025-1/-23,Missing/Wrong item
2115,O104313,024-4/-21,Missing/Wrong item
2116,O104324,024-6/-26,Missing/Wrong item
2117,O104350,025-6/-21,Not as described
2118,O104355,025-4/-16,Not as described
2119,O104359,2024-12-30,Not as described
2120,O104363,025-8/-10,Defective
2121,O104391,023-2/-8/,Defective
2122,O104413,025-8/-30,Missing/Wrong item
2123,O104425,025-4/-25,No longer needed
2124,O104435,024-7/-15,Not as described
2125,O104451,25-/2-5/,Missing/Wrong item
2126,O104452,2024-12-12,Missing/Wrong item
2127,O104464,24-/2-1/,Not as described
2128,O104492,025-4/-18,Defective
2129,O104497,024-0/-4/,Missing/Wrong item
2130,O104501,025-5/-19,Missing/Wrong item
2131,O104517,24-/2-3/,Not as described
2132,O104539,024-7/-16,No longer needed
2133,O104547,2024-10-12,Missing/Wrong item
2134,O104601,024-8/-30,Defective
2135,O104609,24-/2-1/,No longer needed
2136,O104631,2023-11-30,No longer needed
2137,O104632,2024-12-19,Not as described
2138,O104642,023-0/-9/,Defective
2139,O104646,2024-11-14,Missing/Wrong item
2140,O104663,2024-10-24,Not as described
2141,O104687,025-3/-31,Defective
2142,O104701,024-8/-15,Missing/Wrong item
2143,O104706,024-1/-8/,Defective
2144,O104710,024-2/-24,Not as described
2145,O104720,023-2/-8/,No longer needed
2146,O104723,2023-12-23,Defective
2147,O104730,024-2/-2/,No longer needed
2148,O104736,024-9/-22,Missing/Wrong item
2149,O104750,024-3/-24,No longer needed
2150,O104836,25-/2-5/,Defective
2151,O104838,024-4/-10,Defective
2152,O104844,024-7/-17,Defective
2153,O104853,025-2/-25,Not as described
2154,O104874,2023-11-23,Missing/Wrong item
2155,O104937,2024-11-24,Missing/Wrong item
2156,O104943,24-/2-6/,Missing/Wrong item
2157,O104950,2023-11-18,Defective
2158,O104953,024-6/-20,Defective
2159,O104959,24-/2-8/,Not as described
2160,O105009,2023-10-17,Not as described
2161,O105010,25-/2-9/,No longer needed
2162,O105020,2023-11-16,No longer needed
2163,O105027,024-8/-31,Not as described
2164,O105032,2024-12-20,Not as described
2165,O105060,024-2/-18,No longer needed
2166,O105071,25-/2-4/,Not as described
2167,O105084,25-/2-2/,Not as described
2168,O105102,24-/2-3/,No longer needed
2169,O105108,025-5/-12,Defective
2170,O105123,024-3/-30,Not as described
2171,O105141,2023-10-17,Not as described
2172,O105228,024-2/-29,Not as described
2173,O105245,25-/2-1/,No longer needed
2174,O105252,024-7/-18,Defective
2175,O105276,024-7/-25,Not as described
2176,O105281,2024-10-14,Defective
2177,O105324,25-/2-5/,Missing/Wrong item
2178,O105343,25-/2-6/,No longer needed
2179,O105355,025-7/-17,Missing/Wrong item
2180,O105395,2023-10-26,Missing/Wrong item
2181,O105401,025-9/-17,Not as described
2182,O105424,024-5/-27,No longer needed
2183,O105479,025-2/-22,Defective
2184,O105500,024-6/-15,Missing/Wrong item
2185,O105534,24-/2-9/,No longer needed
2186,O105541,2023-12-14,Not as described
2187,O105554,025-0/-5/,Missing/Wrong item
2188,O105559,025-5/-22,Defective
2189,O105563,024-9/-23,Missing/Wrong item
2190,O105595,023-1/-1/,No longer needed
2191,O105600,25-/2-8/,Defective
2192,O105602,2023-10-10,Not as described
2193,O105617,24-/2-1/,No longer needed
2194,O105624,025-8/-19,Missing/Wrong item
2195,O105650,023-1/-2/,Not as described
2196,O105699,025-3/-14,Not as described
2197,O105715,25-/2-3/,Not as described
2198,O105717,2023-10-12,No longer needed
2199,O105720,025-8/-22,No longer needed
2200,O105728,024-0/-2/,Not as described
2201,O105740,2024-10-25,Not as described
2202,O105753,025-9/-11,Missing/Wrong item
2203,O105760,025-1/-15,Defective
2204,O105773,025-8/-26,Not as described
2205,O105790,24-/2-2/,Slow delivery
2206,O105866,024-3/-29,Defective
2207,O105879,2023-10-21,No longer needed
2208,O105946,024-3/-21,No longer needed
2209,O105966,2024-11-19,Not as described
2210,O105967,24-/2-5/,Not as described
2211,O106021,025-4/-22,Defective
2212,O106040,024-1/-7/,Defective
2213,O106052,024-8/-26,No longer needed
2214,O106066,024-8/-10,Missing/Wrong item
2215,O106073,25-/2-5/,No longer needed
2216,O106094,025-3/-14,Missing/Wrong item
2217,O106122,024-2/-15,Not as described
2218,O106151,25-/2-8/,Missing/Wrong item
2219,O106178,24-/2-1/,Not as described
2220,O106179,025-1/-28,No longer needed
2221,O106199,24-/2-1/,Not as described
2222,O106206,024-8/-27,Defective
2223,O106230,2023-11-27,Not as described
2224,O106235,25-/2-3/,Defective
2225,O106250,25-/2-4/,No longer needed
2226,O106279,024-2/-20,Defective
2227,O106288,25-/2-2/,Missing/Wrong item
2228,O106304,024-5/-14,Not as described
2229,O106344,024-5/-13,Defective
2230,O106354,25-/2-9/,Defective
2231,O106403,25-/2-3/,No longer needed
2232,O106453,24-/2-8/,Not as described
2233,O106454,024-5/-26,Defective
2234,O106529,025-3/-24,No longer needed
2235,O106548,024-6/-23,Not as described
2236,O106589,2024-10-16,Defective
2237,O106620,24-/2-7/,Defective
2238,O106634,25-/2-3/,Not as described
2239,O106647,2023-12-30,Missing/Wrong item
2240,O106682,2024-10-28,Not as described
2241,O106701,024-5/-28,Not as described
2242,O106735,024-9/-11,Missing/Wrong item
2243,O106752,025-1/-25,Defective
2244,O106754,24-/2-2/,Not as described
2245,O106778,25-/2-2/,Missing/Wrong item
2246,O106779,025-3/-27,Missing/Wrong item
2247,O106799,024-1/-26,No longer needed
2248,O106807,024-2/-28,Defective
2249,O106840,2024-11-20,Not as described
2250,O106841,024-1/-14,Missing/Wrong item
2251,O106847,024-6/-19,Defective
2252,O106856,025-5/-18,No longer needed
2253,O106874,25-/2-7/,Not as described
2254,O106912,2023-11-10,Missing/Wrong item
2255,O106914,025-1/-26,No longer needed
2256,O106921,024-1/-30,No longer needed
2257,O106938,025-9/-22,No longer needed
2258,O106954,2024-11-21,Defective
2259,O106966,024-5/-25,Not as described
2260,O106974,024-3/-25,Not as described
2261,O106978,025-7/-30,Not as described
2262,O107007,024-5/-26,Missing/Wrong item
2263,O107042,023-2/-5/,No longer needed
2264,O107051,25-/2-4/,Not as described
2265,O107096,24-/2-4/,Missing/Wrong item
2266,O107104,2024-12-17,Missing/Wrong item
2267,O107113,025-8/-19,Not as described
2268,O107115,025-7/-25,Missing/Wrong item
2269,O107126,024-5/-19,No longer needed
2270,O107132,025-7/-27,Missing/Wrong item
2271,O107133,24-/2-6/,Not as described
2272,O107174,025-8/-12,Not as described
2273,O107179,025-8/-25,Defective
2274,O107189,025-3/-28,Not as described
2275,O107212,025-5/-19,No longer needed
2276,O107215,025-7/-14,Missing/Wrong item
2277,O107227,25-/2-9/,No longer needed
2278,O107238,024-6/-20,No longer needed
2279,O107269,25-/2-7/,Defective
2280,O107271,25-/2-7/,Missing/Wrong item
2281,O107302,024-7/-31,No longer needed
2282,O107306,2024-10-24,Not as described
2283,O107336,25-/2-3/,Not as described
2284,O107355,023-2/-1/,No longer needed
2285,O107391,024-3/-27,Not as described
2286,O107394,24-/2-6/,No longer needed
2287,O107418,025-3/-18,No longer needed
2288,O107432,25-/2-5/,No longer needed
2289,O107438,25-/2-1/,No longer needed
2290,O107447,24-/2-7/,No longer needed
2291,O107450,2023-11-27,Defective
2292,O107465,025-4/-27,Defective
2293,O107481,24-/2-5/,No longer needed
2294,O107507,024-1/-12,Defective
2295,O107543,025-3/-12,Missing/Wrong item
2296,O107557,024-6/-20,Not as described
2297,O107590,024-9/-28,Missing/Wrong item
2298,O107600,025-8/-25,Not as described
2299,O107622,025-3/-23,Missing/Wrong item
2300,O107626,024-4/-18,Not as described
2301,O107631,2024-10-28,Defective
2302,O107632,025-1/-20,No longer needed
2303,O107655,2023-12-30,Missing/Wrong item
2304,O107657,25-/2-2/,No longer needed
2305,O107712,025-4/-30,Defective
2306,O107726,024-1/-10,No longer needed
2307,O107737,025-0/-6/,No longer needed
2308,O107749,024-1/-27,Defective
2309,O107830,024-0/-7/,Defective
2310,O107857,025-5/-21,Defective
2311,O107859,025-3/-17,Not as described
2312,O107891,023-1/-9/,Defective
2313,O107909,024-5/-10,Not as described
2314,O107921,024-9/-19,Defective
2315,O107938,25-/2-9/,Not as described
2316,O107951,24-/2-1/,No longer needed
2317,O107982,24-/2-8/,Not as described
2318,O107983,24-/2-3/,Defective
2319,O107997,024-2/-17,Defective
2320,O108015,2023-10-24,Defective
2321,O108017,024-4/-19,Missing/Wrong item
2322,O108022,25-/2-3/,Slow delivery
2323,O108037,024-1/-6/,Missing/Wrong item
2324,O108060,024-8/-31,No longer needed
2325,O108062,024-7/-11,Missing/Wrong item
2326,O108140,025-3/-22,Missing/Wrong item
2327,O108141,025-5/-30,Missing/Wrong item
2328,O108219,24-/2-2/,Not as described
2329,O108239,024-6/-17,Not as described
2330,O108256,024-1/-4/,Defective
2331,O108260,24-/2-9/,No longer needed
2332,O108277,024-2/-3/,Missing/Wrong item
2333,O108301,024-8/-17,Defective
2334,O108308,25-/2-2/,Defective
2335,O108363,25-/2-8/,Defective
2336,O108370,2024-12-24,Slow delivery
2337,O108398,2023-11-27,Missing/Wrong item
2338,O108404,25-/2-9/,Defective
2339,O108426,025-7/-19,Defective
2340,O108464,025-0/-9/,Missing/Wrong item
2341,O108487,24-/2-8/,Missing/Wrong item
2342,O108495,025-6/-17,Defective
2343,O108524,25-/2-6/,No longer needed
2344,O108546,025-9/-25,Defective
2345,O108579,025-2/-28,No longer needed
2346,O108585,025-3/-20,No longer needed
2347,O108600,024-2/-1/,Defective
2348,O108601,023-0/-7/,Defective
2349,O108613,2024-12-28,Not as described
2350,O108642,024-1/-22,No longer needed
2351,O108654,24-/2-9/,No longer needed
2352,O108658,2023-11-27,Missing/Wrong item
2353,O108662,025-5/-24,Missing/Wrong item
2354,O108691,24-/2-6/,Not as described
2355,O108693,2024-11-16,No longer needed
2356,O108703,025-6/-12,Defective
2357,O108714,024-2/-2/,No longer needed
2358,O108771,025-1/-21,Missing/Wrong item
2359,O108776,024-2/-25,Defective
2360,O108790,024-9/-17,Missing/Wrong item
2361,O108801,024-6/-24,Missing/Wrong item
2362,O108838,024-8/-19,Missing/Wrong item
2363,O108847,025-3/-14,Missing/Wrong item
2364,O108877,25-/2-7/,Missing/Wrong item
2365,O108879,025-4/-22,No longer needed
2366,O108883,25-/2-1/,No longer needed
2367,O108900,025-2/-13,Not as described
2368,O108905,024-0/-1/,Not as described
2369,O108908,25-/2-9/,Defective
2370,O108911,24-/2-5/,No longer needed
2371,O108927,024-3/-22,Not as described
2372,O108930,2023-12-28,Not as described
2373,O108965,024-8/-16,No longer needed
2374,O108974,024-9/-14,No longer needed
2375,O108980,2024-12-10,Defective
2376,O108983,025-0/-9/,No longer needed
2377,O109057,025-3/-22,No longer needed
2378,O109077,024-4/-16,No longer needed
2379,O109103,024-5/-11,Missing/Wrong item
2380,O109145,025-6/-21,Defective
2381,O109165,024-1/-29,Not as described
2382,O109182,2024-12-27,No longer needed
2383,O109184,023-1/-9/,Defective
2384,O109237,2023-11-20,No longer needed
2385,O109249,025-6/-14,Defective
2386,O109287,25-/2-1/,Not as described
2387,O109290,25-/2-7/,Defective
2388,O109323,024-9/-12,No longer needed
2389,O109333,025-3/-16,Defective
2390,O109347,2023-10-31,Not as described
2391,O109348,025-2/-28,Missing/Wrong item
2392,O109392,025-9/-11,No longer needed
2393,O109400,024-8/-30,No longer needed
2394,O109411,2024-12-29,Not as described
2395,O109425,024-5/-25,Defective
2396,O109453,2024-11-27,Missing/Wrong item
2397,O109471,023-2/-6/,Not as described
2398,O109472,024-1/-11,Missing/Wrong item
2399,O109473,024-1/-8/,Not as described
2400,O109524,2024-11-30,No longer needed
2401,O109583,025-7/-28,Defective
2402,O109584,24-/2-2/,Missing/Wrong item
2403,O109610,024-5/-27,Missing/Wrong item
2404,O109614,025-9/-13,Not as described
2405,O109644,024-1/-23,Not as described
2406,O109655,25-/2-9/,No longer needed
2407,O109683,024-5/-27,Missing/Wrong item
2408,O109703,024-0/-4/,Not as described
2409,O109704,024-8/-23,Not as described
2410,O109711,024-8/-19,No longer needed
2411,O109719,025-6/-10,Defective
2412,O109761,25-/2-8/,No longer needed
2413,O109777,024-5/-28,No longer needed
2414,O109782,24-/2-5/,No longer needed
2415,O109794,024-1/-6/,Missing/Wrong item
2416,O109805,024-4/-28,Not as described
2417,O109809,025-6/-29,Missing/Wrong item
2418,O109817,024-5/-12,Not as described
2419,O109847,25-/2-8/,Not as described
2420,O109850,025-0/-1/,No longer needed
2421,O109855,024-6/-17,Defective
2422,O109868,025-6/-30,Defective
2423,O109894,024-1/-22,Defective
2424,O109911,025-7/-26,Missing/Wrong item
2425,O109915,025-1/-19,Missing/Wrong item
2426,O109972,025-2/-22,Defective
2427,O109975,2023-11-18,Defective
2428,O109987,025-2/-24,No longer needed
2429,O110004,025-9/-25,No longer needed
2430,O110014,025-6/-22,Not as described
2431,O110021,24-/2-9/,Missing/Wrong item
2432,O110022,025-5/-10,Missing/Wrong item
2433,O110042,025-9/-13,Defective
2434,O110051,025-1/-25,Slow delivery
2435,O110057,024-1/-9/,Missing/Wrong item
2436,O110082,2023-10-19,No longer needed
2437,O110102,2023-11-22,Slow delivery
2438,O110120,024-6/-15,No longer needed
2439,O110150,24-/2-4/,Defective
2440,O110176,024-1/-9/,Defective
2441,O110190,024-2/-17,Not as described
2442,O110192,024-2/-23,Defective
2443,O110231,024-5/-22,Defective
2444,O110241,2023-10-20,Defective
2445,O110245,025-5/-21,No longer needed
2446,O110256,025-2/-21,Not as described
2447,O110300,024-6/-22,Defective
2448,O110307,2023-12-20,Missing/Wrong item
2449,O110325,024-4/-30,Not as described
2450,O110384,025-2/-24,Defective
2451,O110389,2024-11-25,No longer needed
2452,O110391,025-2/-10,No longer needed
2453,O110429,24-/2-1/,Missing/Wrong item
2454,O110431,024-6/-21,Missing/Wrong item
2455,O110446,025-1/-11,Missing/Wrong item
2456,O110491,25-/2-7/,Not as described
2457,O110513,2024-10-26,No longer needed
2458,O110535,025-4/-26,No longer needed
2459,O110558,24-/2-2/,Not as described
2460,O110569,025-4/-25,Missing/Wrong item
2461,O110583,024-1/-10,Missing/Wrong item
2462,O110618,025-3/-20,Missing/Wrong item
2463,O110640,2023-12-23,No longer needed
2464,O110672,2024-12-17,Missing/Wrong item
2465,O110767,025-4/-23,Defective
2466,O110770,025-7/-20,Defective
2467,O110777,025-5/-10,Defective
2468,O110780,025-6/-28,Missing/Wrong item
2469,O110796,025-1/-21,Defective
2470,O110812,2024-10-24,Missing/Wrong item
2471,O110837,2024-10-21,Defective
2472,O110864,024-3/-19,Not as described
2473,O110883,024-2/-3/,No longer needed
2474,O110901,25-/2-4/,Defective
2475,O110910,025-7/-30,Not as described
2476,O110914,024-0/-8/,Missing/Wrong item
2477,O110923,2024-10-16,No longer needed
2478,O110944,025-6/-25,Missing/Wrong item
2479,O110962,024-2/-22,Missing/Wrong item
2480,O110966,2024-12-25,Slow delivery
2481,O111018,025-1/-22,No longer needed
2482,O111030,025-9/-14,Not as described
2483,O111077,025-6/-19,Not as described
2484,O111082,025-0/-3/,Missing/Wrong item
2485,O111111,24-/2-5/,Defective
2486,O111139,2023-11-15,No longer needed
2487,O111147,25-/2-3/,No longer needed
2488,O111158,025-2/-12,No longer needed
2489,O111168,2023-12-23,Defective
2490,O111278,2024-10-20,Defective
2491,O111279,24-/2-6/,Missing/Wrong item
2492,O111292,025-8/-23,Not as described
2493,O111348,025-7/-31,Defective
2494,O111370,024-2/-20,Defective
2495,O111399,025-3/-19,No longer needed
2496,O111415,025-5/-28,Missing/Wrong item
2497,O111444,024-9/-18,Defective
2498,O111466,025-4/-11,Not as described
2499,O111516,025-6/-17,Defective
2500,O111537,025-3/-13,Missing/Wrong item
2501,O111567,025-7/-11,Not as described
2502,O111569,25-/2-2/,Not as described
2503,O111585,025-2/-26,No longer needed
2504,O111590,024-1/-11,Not as described
2505,O111594,24-/2-9/,Defective
2506,O111596,025-1/-18,Missing/Wrong item
2507,O111629,025-7/-22,Not as described
2508,O111631,025-2/-17,Defective
2509,O111633,025-5/-27,Missing/Wrong item
2510,O111651,2023-11-24,Not as described
2511,O111699,2024-10-13,No longer needed
2512,O111758,025-5/-18,Defective
2513,O111806,025-6/-14,Defective
2514,O111813,2025-10-17,No longer needed
2515,O111841,024-5/-28,Not as described
2516,O111864,024-6/-23,Defective
2517,O111897,024-2/-26,Defective
2518,O111904,024-4/-26,Not as described
2519,O111928,2024-11-23,No longer needed
2520,O112016,024-0/-5/,Not as described
2521,O112029,024-5/-21,Missing/Wrong item
2522,O112089,2024-11-21,Not as described
2523,O112092,24-/2-8/,Defective
2524,O112103,025-8/-19,Missing/Wrong item
2525,O112105,025-1/-30,Missing/Wrong item
2526,O112156,024-3/-11,Not as described
2527,O112183,025-8/-30,Defective
2528,O112223,2023-10-31,Missing/Wrong item
2529,O112226,2024-11-17,No longer needed
2530,O112231,024-8/-19,Defective
2531,O112233,024-1/-25,Defective
2532,O112253,2024-10-25,Not as described
2533,O112306,024-6/-25,Defective
2534,O112325,025-5/-11,No longer needed
2535,O112329,2024-12-10,Defective
2536,O112346,25-/2-7/,No longer needed
2537,O112351,024-5/-30,Missing/Wrong item
2538,O112360,24-/2-7/,Not as described
2539,O112422,2023-10-14,Defective
2540,O112535,2024-10-14,Defective
2541,O112566,025-8/-11,Defective
2542,O112568,024-2/-19,No longer needed
2543,O112605,2024-10-23,Missing/Wrong item
2544,O112633,024-1/-22,Not as described
2545,O112644,2024-11-20,No longer needed
2546,O112659,025-6/-24,No longer needed
2547,O112663,2024-12-19,Not as described
2548,O112693,025-6/-13,Missing/Wrong item
2549,O112694,025-7/-31,Defective
2550,O112712,2023-10-22,Defective
2551,O112715,025-7/-12,Defective
2552,O112729,025-9/-21,Missing/Wrong item
2553,O112761,024-3/-17,No longer needed
2554,O112764,025-4/-27,Defective
2555,O112797,025-8/-12,No longer needed
2556,O112803,25-/2-9/,Defective
2557,O112813,024-0/-4/,No longer needed
2558,O112835,25-/2-2/,No longer needed
2559,O112874,2024-10-26,Missing/Wrong item
2560,O112916,024-8/-22,No longer needed
2561,O112919,025-3/-16,No longer needed
2562,O112955,025-8/-11,Missing/Wrong item
2563,O112958,023-1/-5/,Defective
2564,O112984,024-6/-28,No longer needed
2565,O112987,2024-10-27,Defective
2566,O112996,25-/2-3/,Not as described
2567,O113002,024-9/-22,Not as described
2568,O113006,2024-12-21,Missing/Wrong item
2569,O113027,024-6/-21,Not as described
2570,O113033,24-/2-6/,No longer needed
2571,O113067,2024-10-28,Defective
2572,O113069,024-4/-18,Missing/Wrong item
2573,O113071,24-/2-8/,Slow delivery
2574,O113072,024-1/-20,Missing/Wrong item
2575,O113074,2024-12-18,Defective
2576,O113107,024-8/-17,Defective
2577,O113114,2024-12-31,Missing/Wrong item
2578,O113118,024-9/-26,No longer needed
2579,O113133,24-/2-8/,Defective
2580,O113214,2023-10-19,Defective
2581,O113219,025-2/-18,Missing/Wrong item
2582,O113228,025-4/-22,Slow delivery
2583,O113246,024-6/-14,Defective
2584,O113248,024-4/-18,Defective
2585,O113250,25-/2-9/,Defective
2586,O113261,025-5/-13,Missing/Wrong item
2587,O113262,025-2/-28,No longer needed
2588,O113275,025-6/-28,Missing/Wrong item
2589,O113281,024-7/-17,Not as described
2590,O113293,25-/2-8/,Defective
2591,O113307,025-9/-20,Not as described
2592,O113312,025-2/-23,Not as described
2593,O113329,024-2/-9/,Missing/Wrong item
2594,O113363,023-2/-6/,Not as described
2595,O113364,24-/2-8/,Missing/Wrong item
2596,O113369,023-2/-5/,No longer needed
2597,O113397,025-8/-26,No longer needed
2598,O113401,024-2/-7/,Defective
2599,O113419,2024-10-31,Defective
2600,O113499,25-/2-9/,Defective
2601,O113509,025-3/-30,Not as described
2602,O113519,025-9/-21,Missing/Wrong item
2603,O113530,2024-12-26,No longer needed
2604,O113602,25-/2-4/,Not as described
2605,O113646,025-4/-16,Missing/Wrong item
2606,O113670,024-2/-14,No longer needed
2607,O113674,025-6/-14,Not as described
2608,O113678,023-2/-1/,Not as described
2609,O113693,2024-11-22,Not as described
2610,O113723,024-9/-18,Missing/Wrong item
2611,O113733,024-7/-21,Not as described
2612,O113747,025-3/-19,Not as described
2613,O113770,24-/2-9/,Defective
2614,O113776,24-/2-6/,Defective
2615,O113782,025-8/-24,Not as described
2616,O113786,2023-11-16,No longer needed
2617,O113810,025-4/-18,No longer needed
2618,O113811,024-0/-9/,Not as described
2619,O113876,024-7/-27,Defective
2620,O113895,2024-12-18,Missing/Wrong item
2621,O113903,025-9/-12,Slow delivery
2622,O113912,24-/2-5/,Missing/Wrong item
2623,O113915,025-2/-10,Missing/Wrong item
2624,O113930,25-/2-6/,Not as described
2625,O113938,025-8/-29,Missing/Wrong item
2626,O113956,025-2/-12,Defective
2627,O113976,025-5/-17,Not as described
2628,O113980,025-6/-25,Missing/Wrong item
2629,O113997,2024-11-14,Defective
2630,O114016,025-3/-24,Missing/Wrong item
2631,O114038,025-4/-16,No longer needed
2632,O114054,024-3/-13,Slow delivery
2633,O114077,023-2/-2/,No longer needed
2634,O114093,025-7/-30,Defective
2635,O114112,024-1/-29,Defective
2636,O114170,2023-11-12,No longer needed
2637,O114190,024-1/-27,Defective
2638,O114211,25-/2-5/,Not as described
2639,O114242,024-8/-19,Not as described
2640,O114266,2023-11-29,No longer needed
2641,O114274,2024-10-11,Not as described
2642,O114307,024-3/-31,Defective
2643,O114319,024-8/-31,Defective
2644,O114397,024-5/-28,Not as described
2645,O114403,025-6/-24,No longer needed
2646,O114473,025-1/-31,No longer needed
2647,O114491,024-7/-27,Defective
2648,O114494,24-/2-4/,No longer needed
2649,O114507,025-8/-20,No longer needed
2650,O114549,24-/2-4/,No longer needed
2651,O114563,025-5/-17,Defective
2652,O114574,24-/2-5/,Missing/Wrong item
2653,O114591,025-0/-5/,Missing/Wrong item
2654,O114592,24-/2-2/,No longer needed
2655,O114593,24-/2-4/,Missing/Wrong item
2656,O114595,025-8/-25,No longer needed
2657,O114597,025-8/-19,Defective
2658,O114602,024-0/-2/,Not as described
2659,O114632,023-2/-1/,Defective
2660,O114634,2024-12-27,Not as described
2661,O114636,024-1/-5/,Defective
2662,O114638,025-7/-20,Not as described
2663,O114658,25-/2-8/,Not as described
2664,O114668,24-/2-5/,Missing/Wrong item
2665,O114683,25-/2-7/,Defective
2666,O114695,2023-10-26,Not as described
2667,O114727,2023-12-20,No longer needed
2668,O114759,023-2/-9/,No longer needed
2669,O114761,2023-12-20,Defective
2670,O114807,2023-12-25,Defective
2671,O114811,24-/2-3/,No longer needed
2672,O114828,024-1/-4/,Not as described
2673,O114836,24-/2-1/,No longer needed
2674,O114854,025-7/-28,No longer needed
2675,O114879,023-2/-5/,Not as described
2676,O114880,024-8/-28,Missing/Wrong item
2677,O114889,025-1/-18,No longer needed
2678,O114933,025-1/-18,No longer needed
2679,O114988,25-/2-8/,Missing/Wrong item
2680,O114990,025-8/-28,Missing/Wrong item
2681,O115012,025-7/-17,Defective
2682,O115015,025-5/-22,Not as described
2683,O115023,023-1/-3/,Not as described
2684,O115062,023-2/-2/,Defective
2685,O115078,025-3/-16,Missing/Wrong item
2686,O115083,2023-12-25,Not as described
2687,O115099,025-5/-11,Not as described
2688,O115124,024-1/-8/,No longer needed
2689,O115170,025-3/-27,Defective
2690,O115174,025-8/-29,Not as described
2691,O115213,24-/2-6/,Not as described
2692,O115234,24-/2-6/,Not as described
2693,O115245,025-4/-26,Not as described
2694,O115261,25-/2-9/,Defective
2695,O115269,025-1/-23,Defective
2696,O115272,2023-10-27,Not as described
2697,O115307,2024-11-16,Not as described
2698,O115312,024-4/-21,Not as described
2699,O115332,024-6/-23,Missing/Wrong item
2700,O115346,024-3/-14,No longer needed
2701,O115400,2024-12-12,No longer needed
2702,O115406,24-/2-1/,Defective
2703,O115422,2024-10-26,No longer needed
2704,O115427,025-1/-25,Defective
2705,O115455,025-3/-14,No longer needed
2706,O115512,2024-10-19,Defective
2707,O115525,2023-12-30,Not as described
2708,O115526,024-3/-23,No longer needed
2709,O115528,025-2/-28,Missing/Wrong item
2710,O115551,025-1/-20,No longer needed
2711,O115566,024-2/-7/,Defective
2712,O115570,24-/2-3/,Defective
2713,O115574,24-/2-4/,Not as described
2714,O115581,025-1/-28,Not as described
2715,O115671,024-8/-15,Defective
2716,O115735,25-/2-1/,No longer needed
2717,O115742,024-5/-15,Missing/Wrong item
2718,O115750,24-/2-7/,Not as described
2719,O115768,025-5/-16,Not as described
2720,O115787,024-1/-2/,Not as described
2721,O115807,25-/2-3/,No longer needed
2722,O115820,25-/2-7/,Missing/Wrong item
2723,O115830,2024-10-11,Missing/Wrong item
2724,O115842,025-4/-20,Missing/Wrong item
2725,O115846,024-9/-16,Missing/Wrong item
2726,O115854,024-5/-15,Defective
2727,O115856,25-/2-6/,Missing/Wrong item
2728,O115887,025-2/-10,Defective
2729,O115905,024-5/-22,Defective
2730,O115906,25-/2-1/,Missing/Wrong item
2731,O115922,24-/2-3/,No longer needed
2732,O115928,2023-10-31,Not as described
2733,O115952,2024-10-27,Defective
2734,O115954,2024-11-14,Missing/Wrong item
2735,O115967,024-7/-27,Defective
2736,O115973,025-8/-16,Not as described
2737,O115982,24-/2-5/,Not as described
2738,O115987,2023-11-17,Defective
2739,O115998,024-3/-26,Not as described
2740,O116001,25-/2-5/,Defective
2741,O116003,025-5/-17,Missing/Wrong item
2742,O116028,24-/2-3/,Not as described
2743,O116043,025-2/-15,Defective
2744,O116050,024-8/-19,Defective
2745,O116057,25-/2-4/,No longer needed
2746,O116060,2024-12-30,Defective
2747,O116103,024-7/-24,Defective
2748,O116107,024-8/-21,Missing/Wrong item
2749,O116134,025-4/-11,Missing/Wrong item
2750,O116143,025-3/-27,Not as described
2751,O116170,2024-11-14,Not as described
2752,O116174,025-6/-13,No longer needed
2753,O116223,025-2/-28,Slow delivery
2754,O116229,2024-11-15,Defective
2755,O116238,025-8/-28,No longer needed
2756,O116241,025-1/-14,Not as described
2757,O116244,025-4/-27,Missing/Wrong item
2758,O116262,024-5/-16,Defective
2759,O116294,024-4/-30,Not as described
2760,O116318,025-9/-22,Not as described
2761,O116320,024-3/-10,Not as described
2762,O116340,24-/2-6/,No longer needed
2763,O116355,2024-12-19,Not as described
2764,O116366,24-/2-6/,No longer needed
2765,O116371,2024-11-18,Not as described
2766,O116402,025-4/-16,Defective
2767,O116415,024-4/-16,Missing/Wrong item
2768,O116426,024-9/-10,Not as described
2769,O116452,25-/2-2/,Defective
2770,O116488,24-/2-6/,Not as described
2771,O116497,024-5/-24,Slow delivery
2772,O116500,25-/2-6/,Missing/Wrong item
2773,O116511,024-1/-22,Defective
2774,O116539,024-7/-31,Defective
2775,O116570,2024-12-31,Missing/Wrong item
2776,O116597,2024-12-20,Not as described
2777,O116603,025-4/-25,Not as described
2778,O116606,024-7/-23,Missing/Wrong item
2779,O116619,024-8/-14,No longer needed
2780,O116633,2024-11-24,Defective
2781,O116645,025-7/-10,Missing/Wrong item
2782,O116648,25-/2-1/,No longer needed
2783,O116659,024-6/-12,Defective
2784,O116666,025-6/-12,Defective
2785,O116685,024-7/-28,Missing/Wrong item
2786,O116709,24-/2-6/,No longer needed
2787,O116716,24-/2-2/,Defective
2788,O116729,2023-10-20,Defective
2789,O116732,024-7/-31,No longer needed
2790,O116786,025-6/-20,No longer needed
2791,O116805,025-9/-22,Not as described
2792,O116806,024-1/-8/,Not as described
2793,O116822,24-/2-8/,Missing/Wrong item
2794,O116843,25-/2-7/,Not as described
2795,O116846,2024-11-23,Missing/Wrong item
2796,O116850,024-4/-15,Not as described
2797,O116887,2023-10-18,Missing/Wrong item
2798,O116908,25-/2-6/,Not as described
2799,O116927,024-2/-20,Missing/Wrong item
2800,O116959,2024-12-22,No longer needed
2801,O116964,025-9/-23,Not as described
2802,O116967,25-/2-4/,Defective
2803,O116976,024-5/-26,Missing/Wrong item
2804,O116984,024-8/-17,No longer needed
2805,O116989,024-5/-11,No longer needed
2806,O117001,023-1/-1/,Not as described
2807,O117014,024-9/-26,Defective
2808,O117017,025-3/-27,Slow delivery
2809,O117018,24-/2-8/,Not as described
2810,O117024,024-4/-12,Defective
2811,O117027,2023-12-12,Not as described
2812,O117053,24-/2-2/,No longer needed
2813,O117066,2024-11-26,Missing/Wrong item
2814,O117081,25-/2-3/,No longer needed
2815,O117109,025-8/-11,No longer needed
2816,O117110,024-7/-29,Missing/Wrong item
2817,O117115,25-/2-4/,Missing/Wrong item
2818,O117145,2024-10-14,Missing/Wrong item
2819,O117158,2023-10-11,No longer needed
2820,O117160,2024-12-15,Missing/Wrong item
2821,O117197,24-/2-4/,Not as described
2822,O117198,025-8/-29,Not as described
2823,O117216,024-5/-25,Not as described
2824,O117222,24-/2-1/,Not as described
2825,O117245,2024-12-12,Defective
2826,O117248,024-3/-25,Defective
2827,O117249,24-/2-6/,No longer needed
2828,O117263,025-2/-23,No longer needed
2829,O117268,24-/2-8/,Missing/Wrong item
2830,O117304,024-2/-1/,No longer needed
2831,O117342,023-0/-1/,Missing/Wrong item
2832,O117479,025-9/-19,Missing/Wrong item
2833,O117486,24-/2-9/,No longer needed
2834,O117518,25-/2-4/,Defective
2835,O117534,024-6/-28,Missing/Wrong item
2836,O117546,24-/2-9/,Defective
2837,O117556,024-7/-28,No longer needed
2838,O117597,024-1/-2/,Not as described
2839,O117613,024-0/-2/,No longer needed
2840,O117697,024-6/-11,Defective
2841,O117712,024-1/-2/,Missing/Wrong item
2842,O117726,024-7/-29,Defective
2843,O117737,024-5/-29,No longer needed
2844,O117742,24-/2-4/,Defective
2845,O117770,025-8/-10,Missing/Wrong item
2846,O117809,2023-11-13,Defective
2847,O117826,025-4/-10,Missing/Wrong item
2848,O117828,024-3/-13,No longer needed
2849,O117833,025-1/-16,No longer needed
2850,O117898,2024-11-25,Not as described
2851,O117913,025-7/-30,Missing/Wrong item
2852,O117920,25-/2-5/,No longer needed
2853,O117933,024-8/-13,Missing/Wrong item
2854,O117987,025-2/-25,Not as described
2855,O117997,024-6/-19,Defective
2856,O118013,2024-10-10,Not as described
2857,O118018,025-7/-26,Not as described
2858,O118048,25-/2-1/,Defective
2859,O118054,024-5/-11,Defective
2860,O118062,024-7/-31,Defective
2861,O118065,024-5/-10,Not as described
2862,O118073,2025-10-16,No longer needed
2863,O118085,024-8/-30,No longer needed
2864,O118111,2024-12-31,No longer needed
2865,O118151,025-7/-14,No longer needed
2866,O118179,025-5/-28,Not as described
2867,O118192,25-/2-2/,No longer needed
2868,O118199,024-5/-21,Missing/Wrong item
2869,O118206,24-/2-1/,Missing/Wrong item
2870,O118264,025-5/-20,Defective
2871,O118276,25-/2-1/,Missing/Wrong item
2872,O118299,024-1/-25,Defective
2873,O118309,25-/2-4/,Not as described
2874,O118367,025-2/-20,No longer needed
2875,O118370,25-/2-1/,No longer needed
2876,O118371,025-8/-12,Not as described
2877,O118378,25-/2-5/,No longer needed
2878,O118456,25-/2-6/,Missing/Wrong item
2879,O118501,2024-10-21,Not as described
2880,O118506,24-/2-8/,Defective
2881,O118513,2023-12-27,Missing/Wrong item
2882,O118569,2023-11-26,Not as described
2883,O118574,024-6/-29,No longer needed
2884,O118591,2023-12-12,Not as described
2885,O118601,025-7/-23,Defective
2886,O118622,024-8/-14,No longer needed
2887,O118634,025-1/-31,Not as described
2888,O118643,024-0/-5/,Not as described
2889,O118662,25-/2-2/,No longer needed
2890,O118676,024-0/-3/,Not as described
2891,O118691,25-/2-1/,Missing/Wrong item
2892,O118721,024-7/-15,Missing/Wrong item
2893,O118723,2024-12-17,Defective
2894,O118762,25-/2-8/,Missing/Wrong item
2895,O118767,024-1/-10,No longer needed
2896,O118771,025-4/-23,Not as described
2897,O118869,024-3/-21,Not as described
2898,O118901,025-5/-24,Slow delivery
2899,O118930,024-2/-25,Defective
2900,O118935,025-6/-27,Not as described
2901,O118997,2023-11-14,Not as described
2902,O119008,025-7/-24,Missing/Wrong item
2903,O119014,2023-10-30,Defective
2904,O119017,24-/2-7/,Not as described
2905,O119031,024-1/-14,Not as described
2906,O119036,2024-11-28,No longer needed
2907,O119053,024-0/-9/,No longer needed
2908,O119061,25-/2-3/,Missing/Wrong item
2909,O119081,024-8/-29,Missing/Wrong item
2910,O119092,2023-11-26,Not as described
2911,O119097,2023-11-24,Not as described
2912,O119124,025-9/-22,Defective
2913,O119134,024-5/-11,Missing/Wrong item
2914,O119136,024-4/-27,Not as described
2915,O119166,24-/2-9/,Missing/Wrong item
2916,O119191,25-/2-4/,Defective
2917,O119202,24-/2-7/,Missing/Wrong item
2918,O119205,25-/2-1/,Missing/Wrong item
2919,O119211,024-1/-19,Defective
2920,O119216,24-/2-2/,Defective
2921,O119222,24-/2-2/,Missing/Wrong item
2922,O119228,024-9/-29,Defective
2923,O119241,24-/2-5/,No longer needed
2924,O119254,024-7/-21,Defective
2925,O119281,024-9/-21,Not as described
2926,O119289,2023-12-18,Missing/Wrong item
2927,O119347,024-8/-17,Not as described
2928,O119355,25-/2-9/,No longer needed
2929,O119356,2024-12-13,No longer needed
2930,O119362,024-5/-27,Missing/Wrong item
2931,O119364,2024-10-21,No longer needed
2932,O119368,24-/2-5/,Not as described
2933,O119376,025-6/-23,Defective
2934,O119384,2024-10-13,Defective
2935,O119413,2024-10-17,No longer needed
2936,O119440,024-2/-17,No longer needed
2937,O119445,025-5/-25,No longer needed
2938,O119455,25-/2-4/,Not as described
2939,O119456,024-9/-17,Defective
2940,O119488,024-5/-28,Missing/Wrong item
2941,O119503,24-/2-3/,Not as described
2942,O119507,025-9/-14,Defective
2943,O119510,2024-12-12,Not as described
2944,O119512,024-5/-14,Defective
2945,O119517,025-4/-22,Missing/Wrong item
2946,O119554,24-/2-8/,Defective
2947,O119601,25-/2-6/,Not as described
2948,O119641,2024-10-24,Missing/Wrong item
2949,O119658,25-/2-6/,Not as described
2950,O119676,025-1/-18,Not as described
2951,O119692,2024-12-10,No longer needed
2952,O119717,2024-11-12,Defective
2953,O119726,24-/2-1/,Not as described
2954,O119733,2023-12-30,Defective
2955,O119739,2024-11-15,No longer needed
2956,O119747,25-/2-9/,Defective
2957,O119768,024-9/-14,Not as described
2958,O119777,025-8/-14,Missing/Wrong item
2959,O119788,025-6/-11,Defective
2960,O119796,2023-11-25,Defective
2961,O119815,025-5/-19,Missing/Wrong item
2962,O119835,023-2/-6/,Missing/Wrong item
2963,O119845,024-7/-26,No longer needed
2964,O119908,025-1/-18,Missing/Wrong item
2965,O119924,024-2/-10,Missing/Wrong item
2966,O119933,024-8/-20,Not as described
2967,O119944,25-/2-5/,No longer needed
2968,O119947,023-2/-5/,Missing/Wrong item
2969,O119952,2024-12-28,No longer needed
2970,O119969,024-5/-10,Missing/Wrong item
2971,O119981,025-8/-28,No longer needed
2972,O119993,025-6/-26,Not as described
2973,O120007,024-7/-15,Missing/Wrong item
2974,O120017,024-1/-26,Missing/Wrong item
2975,O120039,025-5/-13,Defective
2976,O120047,25-/2-8/,Missing/Wrong item
2977,O120067,025-5/-17,Defective
2978,O120089,24-/2-6/,No longer needed
2979,O120132,024-4/-30,Defective
2980,O120137,024-9/-14,No longer needed
2981,O120142,25-/2-9/,Missing/Wrong item
2982,O120143,024-2/-25,Missing/Wrong item
2983,O120144,25-/2-5/,Defective
2984,O120157,025-6/-14,No longer needed
2985,O120160,24-/2-6/,Slow delivery
2986,O120166,025-9/-14,Not as described
2987,O120197,025-1/-22,No longer needed
2988,O120257,024-4/-20,Missing/Wrong item
2989,O120316,25-/2-6/,Not as described
2990,O120336,25-/2-3/,No longer needed
2991,O120393,024-3/-22,Missing/Wrong item
2992,O120395,25-/2-3/,Not as described
2993,O120408,023-1/-4/,Missing/Wrong item
2994,O120409,24-/2-4/,Not as described
2995,O120414,2024-10-31,No longer needed
2996,O120427,024-1/-31,No longer needed
2997,O120441,25-/2-5/,No longer needed
2998,O120462,025-3/-30,Not as described
2999,O120468,024-1/-11,No longer needed
3000,O120507,24-/2-9/,Not as described
3001,O120515,25-/2-6/,Defective
3002,O120527,025-5/-16,Missing/Wrong item
3003,O120560,025-3/-21,Defective
3004,O120567,024-1/-28,Not as described
3005,O120573,025-8/-25,No longer needed
3006,O120584,24-/2-9/,No longer needed
3007,O120595,024-1/-16,Not as described
3008,O120617,25-/2-6/,Missing/Wrong item
3009,O120633,2023-12-15,No longer needed
3010,O120639,025-4/-12,Defective
3011,O120647,2023-11-29,Missing/Wrong item
3012,O120656,025-7/-29,No longer needed
3013,O120683,25-/2-1/,Not as described
3014,O120695,25-/2-8/,Defective
3015,O120700,024-2/-29,Not as described
3016,O120706,24-/2-1/,No longer needed
3017,O120726,24-/2-2/,Missing/Wrong item
3018,O120746,025-4/-27,No longer needed
3019,O120754,024-7/-20,No longer needed
3020,O120762,024-7/-31,No longer needed
3021,O120775,024-1/-5/,Missing/Wrong item
3022,O120795,25-/2-6/,Defective
3023,O120796,025-2/-15,Not as described
3024,O120798,25-/2-8/,Not as described
3025,O120817,2023-11-12,Missing/Wrong item
3026,O120827,2023-11-22,No longer needed
3027,O120842,024-2/-15,Defective
3028,O120878,024-3/-27,Not as described
3029,O120893,025-9/-23,Not as described
3030,O120900,2024-10-31,Not as described
3031,O120932,024-4/-24,No longer needed
3032,O120945,2024-10-22,No longer needed
3033,O120985,2024-12-29,No longer needed
3034,O121004,024-5/-16,No longer needed
3035,O121025,25-/2-8/,No longer needed
3036,O121037,24-/2-3/,Not as described
3037,O121058,25-/2-3/,Defective
3038,O121066,2023-11-19,Not as described
3039,O121101,2024-12-10,No longer needed
3040,O121115,024-2/-19,Missing/Wrong item
3041,O121118,023-1/-4/,Not as described
3042,O121119,024-6/-18,Defective
3043,O121122,025-9/-10,Not as described
3044,O121127,024-9/-30,No longer needed
3045,O121134,025-3/-23,No longer needed
3046,O121140,025-1/-15,Missing/Wrong item
3047,O121148,024-2/-3/,Missing/Wrong item
3048,O121164,024-1/-26,Missing/Wrong item
3049,O121171,025-4/-27,Defective
3050,O121174,025-6/-29,Not as described
3051,O121180,024-5/-15,Missing/Wrong item
3052,O121190,025-2/-24,Defective
3053,O121199,2024-12-28,Defective
3054,O121214,024-7/-19,No longer needed
3055,O121261,2023-10-31,Defective
3056,O121264,024-4/-23,Not as described
3057,O121271,25-/2-3/,Slow delivery
3058,O121278,2023-10-16,Not as described
3059,O121296,2024-11-14,Defective
3060,O121318,025-5/-25,Defective
3061,O121338,2023-12-21,Missing/Wrong item
3062,O121351,25-/2-2/,Not as described
3063,O121356,023-1/-2/,Missing/Wrong item
3064,O121359,2023-10-12,Missing/Wrong item
3065,O121369,2023-12-23,No longer needed
3066,O121410,024-7/-29,Missing/Wrong item
3067,O121412,24-/2-2/,Not as described
3068,O121421,024-4/-16,Missing/Wrong item
3069,O121438,024-5/-13,Not as described
3070,O121458,25-/2-2/,Not as described
3071,O121464,025-5/-25,No longer needed
3072,O121476,025-6/-18,Missing/Wrong item
3073,O121480,023-0/-8/,Missing/Wrong item
3074,O121493,2023-11-13,Defective
3075,O121511,025-7/-11,Defective
3076,O121515,024-2/-5/,Defective
3077,O121517,24-/2-1/,Defective
3078,O121519,025-2/-19,No longer needed
3079,O121521,2024-12-28,No longer needed
3080,O121608,25-/2-4/,Defective
3081,O121642,24-/2-7/,Missing/Wrong item
3082,O121665,025-2/-13,Not as described
3083,O121672,025-6/-26,Not as described
3084,O121695,2024-10-11,Defective
3085,O121696,2024-10-27,Missing/Wrong item
3086,O121722,023-1/-6/,Missing/Wrong item
3087,O121731,24-/2-8/,Defective
3088,O121741,025-1/-20,Not as described
3089,O121744,025-7/-15,Defective
3090,O121750,025-8/-31,No longer needed
3091,O121767,024-9/-23,No longer needed
3092,O121769,025-0/-9/,Missing/Wrong item
3093,O121782,023-1/-5/,Not as described
3094,O121794,025-8/-23,Defective
3095,O121803,024-7/-15,Defective
3096,O121806,023-1/-9/,Defective
3097,O121823,024-5/-31,No longer needed
3098,O121873,024-1/-21,Defective
3099,O121888,025-5/-18,Defective
3100,O121903,025-5/-23,Missing/Wrong item
3101,O121913,023-1/-7/,Slow delivery
3102,O121920,24-/2-9/,Defective
3103,O121984,025-6/-10,No longer needed
3104,O122033,24-/2-2/,Missing/Wrong item
3105,O122042,25-/2-2/,Not as described
3106,O122087,2023-10-26,Not as described
3107,O122100,025-3/-30,No longer needed
3108,O122129,024-5/-16,Defective
3109,O122148,025-4/-21,Not as described
3110,O122158,24-/2-9/,Not as described
3111,O122177,024-3/-26,No longer needed
3112,O122191,2024-10-18,Missing/Wrong item
3113,O122208,025-3/-28,Defective
3114,O122240,023-9/-29,Not as described
3115,O122249,025-6/-27,No longer needed
3116,O122262,25-/2-2/,No longer needed
3117,O122284,024-5/-13,Not as described
3118,O122285,2023-11-22,No longer needed
3119,O122309,024-3/-18,Defective
3120,O122320,025-9/-10,Missing/Wrong item
3121,O122323,024-1/-1/,No longer needed
3122,O122329,023-1/-8/,Not as described
3123,O122333,025-3/-13,No longer needed
3124,O122334,24-/2-5/,Not as described
3125,O122343,2023-10-14,Missing/Wrong item
3126,O122352,25-/2-9/,No longer needed
3127,O122357,024-9/-19,Defective
3128,O122372,2024-12-28,No longer needed
3129,O122378,2023-12-30,Slow delivery
3130,O122404,024-6/-12,No longer needed
3131,O122492,024-5/-19,Not as described
3132,O122513,025-8/-13,Defective
3133,O122514,24-/2-9/,No longer needed
3134,O122521,24-/2-4/,Missing/Wrong item
3135,O122558,024-8/-29,Defective
3136,O122578,2023-12-21,No longer needed
3137,O122583,024-6/-11,Missing/Wrong item
3138,O122615,2023-10-20,No longer needed
3139,O122621,024-5/-17,Not as described
3140,O122633,2024-12-16,No longer needed
3141,O122650,025-4/-11,Defective
3142,O122671,023-2/-3/,Not as described
3143,O122675,24-/2-7/,Not as described
3144,O122716,024-4/-18,Missing/Wrong item
3145,O122729,024-3/-30,Defective
3146,O122777,025-7/-10,Defective
3147,O122783,024-7/-31,Missing/Wrong item
3148,O122788,024-6/-26,Missing/Wrong item
3149,O122818,24-/2-7/,No longer needed
3150,O122820,025-8/-11,Missing/Wrong item
3151,O122830,25-/2-1/,Defective
3152,O122841,024-3/-25,Missing/Wrong item
3153,O122855,025-0/-1/,No longer needed
3154,O122875,2023-11-19,No longer needed
3155,O122880,2023-11-20,Missing/Wrong item
3156,O122886,25-/2-2/,Defective
3157,O122901,025-6/-15,No longer needed
3158,O122923,025-4/-12,Not as described
3159,O122925,025-9/-17,No longer needed
3160,O122957,24-/2-2/,Not as described
3161,O122964,023-9/-28,Not as described
3162,O122965,024-3/-23,Missing/Wrong item
3163,O123000,25-/2-5/,Defective
3164,O123001,24-/2-9/,Not as described
3165,O123026,025-6/-22,No longer needed
3166,O123030,025-5/-30,Defective
3167,O123038,024-3/-28,Not as described
3168,O123042,025-8/-10,Missing/Wrong item
3169,O123050,024-1/-9/,No longer needed
3170,O123101,025-6/-11,No longer needed
3171,O123116,024-7/-31,Not as described
3172,O123123,2023-12-15,Missing/Wrong item
3173,O123145,025-8/-28,Not as described
3174,O123146,024-3/-15,No longer needed
3175,O123178,025-8/-20,No longer needed
3176,O123215,24-/2-4/,Defective
3177,O123218,24-/2-7/,Defective
3178,O123227,025-1/-18,No longer needed
3179,O123236,2025-10-15,Defective
3180,O123257,24-/2-9/,No longer needed
3181,O123281,25-/2-6/,Missing/Wrong item
3182,O123289,024-1/-22,Defective
3183,O123297,025-8/-29,Missing/Wrong item
3184,O123318,025-1/-27,Defective
3185,O123335,24-/2-3/,Missing/Wrong item
3186,O123340,2024-10-19,Missing/Wrong item
3187,O123348,024-8/-19,No longer needed
3188,O123351,025-5/-28,Defective
3189,O123367,025-7/-13,Defective
3190,O123372,024-3/-23,No longer needed
3191,O123388,024-5/-13,No longer needed
3192,O123399,025-9/-18,Missing/Wrong item
3193,O123453,024-6/-19,No longer needed
3194,O123463,025-9/-15,Missing/Wrong item
3195,O123477,024-6/-22,No longer needed
3196,O123552,2024-12-31,No longer needed
3197,O123571,025-6/-21,Defective
3198,O123572,025-6/-26,Not as described
3199,O123576,2023-10-18,Defective
3200,O123589,024-2/-28,No longer needed
3201,O123590,025-7/-16,Not as described
3202,O123638,2023-10-12,Not as described
3203,O123645,024-2/-9/,Not as described
3204,O123670,25-/2-9/,Not as described
3205,O123672,023-1/-9/,Missing/Wrong item
3206,O123673,025-3/-15,Missing/Wrong item
3207,O123674,25-/2-5/,Not as described
3208,O123677,2023-11-26,Missing/Wrong item
3209,O123680,2024-10-13,Not as described
3210,O123720,024-2/-27,Not as described
3211,O123726,25-/2-5/,No longer needed
3212,O123748,024-4/-22,No longer needed
3213,O123778,024-8/-20,Missing/Wrong item
3214,O123791,023-1/-2/,Not as described
3215,O123830,2024-12-21,Missing/Wrong item
3216,O123834,24-/2-1/,Slow delivery
3217,O123837,025-7/-21,Missing/Wrong item
3218,O123848,025-5/-10,No longer needed
3219,O123850,025-4/-30,Defective
3220,O123857,25-/2-9/,Not as described
3221,O123860,024-9/-20,No longer needed
3222,O123876,024-5/-29,Missing/Wrong item
3223,O123879,024-7/-20,Missing/Wrong item
3224,O123906,24-/2-3/,No longer needed
3225,O123946,024-9/-16,Defective
3226,O123967,024-2/-20,Defective
3227,O123969,025-4/-14,Not as described
3228,O123974,2024-12-22,Missing/Wrong item
3229,O123992,25-/2-8/,Missing/Wrong item
3230,O123994,023-2/-8/,Defective
3231,O123999,2023-12-31,No longer needed
3232,O124002,24-/2-9/,Not as described
3233,O124004,2023-11-21,Defective
3234,O124039,025-4/-21,Defective
3235,O124055,025-6/-21,No longer needed
3236,O124063,025-5/-17,Missing/Wrong item
3237,O124085,2024-11-23,Defective
3238,O124091,25-/2-7/,Not as described
3239,O124093,025-6/-21,Missing/Wrong item
3240,O124130,025-8/-17,Not as described
3241,O124149,024-0/-1/,Defective
3242,O124161,024-5/-31,Missing/Wrong item
3243,O124185,025-5/-17,Not as described
3244,O124199,024-5/-15,Not as described
3245,O124203,24-/2-6/,No longer needed
3246,O124213,25-/2-8/,Not as described
3247,O124215,024-9/-25,Not as described
3248,O124247,023-2/-6/,No longer needed
3249,O124252,2023-10-26,Not as described
3250,O124265,24-/2-5/,Missing/Wrong item
3251,O124284,024-9/-14,Defective
3252,O124291,2024-12-13,Missing/Wrong item
3253,O124384,024-5/-19,Defective
3254,O124396,024-2/-29,Missing/Wrong item
3255,O124414,25-/2-7/,Not as described
3256,O124429,024-2/-16,Missing/Wrong item
3257,O124435,025-6/-10,Not as described
3258,O124448,24-/2-9/,Defective
3259,O124495,2023-12-10,Missing/Wrong item
3260,O124514,024-9/-14,No longer needed
3261,O124518,023-2/-3/,Not as described
3262,O124522,024-7/-23,Not as described
3263,O124548,024-1/-4/,No longer needed
3264,O124566,25-/2-6/,Missing/Wrong item
3265,O124580,024-4/-30,Missing/Wrong item
3266,O124587,024-4/-25,Defective
3267,O124596,2023-10-18,Missing/Wrong item
3268,O124609,024-7/-31,Missing/Wrong item
3269,O124620,025-9/-23,Defective
3270,O124654,25-/2-1/,Missing/Wrong item
3271,O124688,24-/2-6/,Missing/Wrong item
3272,O124695,024-1/-2/,Missing/Wrong item
3273,O124722,025-3/-10,No longer needed
3274,O124751,025-1/-22,Defective
3275,O124778,2024-12-21,Not as described
3276,O124782,25-/2-4/,Defective
3277,O124800,024-5/-21,Defective
3278,O124808,24-/2-3/,Missing/Wrong item
3279,O124829,023-1/-9/,No longer needed
3280,O124843,24-/2-6/,No longer needed
3281,O124855,025-5/-18,No longer needed
3282,O124868,2023-12-25,Not as described
3283,O124890,24-/2-3/,Not as described
3284,O124894,2023-10-16,Defective
3285,O124896,024-5/-11,Missing/Wrong item
3286,O124897,024-2/-7/,No longer needed
3287,O124905,24-/2-6/,No longer needed
3288,O124954,2023-11-25,No longer needed
3289,O124976,025-9/-12,No longer needed
3290,O124982,25-/2-2/,Not as described
3291,O124984,25-/2-6/,Not as described
3292,O124996,24-/2-6/,Not as described
3293,O125025,25-/2-9/,Defective
3294,O125028,024-2/-29,Missing/Wrong item
3295,O125071,024-9/-29,Missing/Wrong item
3296,O125077,2024-10-24,Not as described
3297,O125083,024-1/-31,Missing/Wrong item
3298,O125117,024-4/-30,No longer needed
3299,O125138,024-9/-28,No longer needed
3300,O125140,024-4/-28,No longer needed
3301,O125206,2024-10-24,Not as described
3302,O125213,024-1/-13,Defective
3303,O125221,025-1/-27,No longer needed
3304,O125224,025-7/-24,Not as described
3305,O125265,024-2/-16,Missing/Wrong item
3306,O125295,2023-10-25,Defective
3307,O125308,24-/2-7/,Not as described
3308,O125324,2023-10-17,No longer needed
3309,O125333,025-5/-31,Not as described
3310,O125336,2024-12-17,No longer needed
3311,O125350,2024-12-15,Missing/Wrong item
3312,O125382,024-2/-19,Missing/Wrong item
3313,O125397,025-4/-28,No longer needed
3314,O125424,025-8/-14,Not as described
3315,O125520,024-2/-29,Missing/Wrong item
3316,O125528,2024-12-14,Defective
3317,O125548,025-1/-16,Missing/Wrong item
3318,O125552,023-1/-9/,No longer needed
3319,O125553,2024-10-17,Not as described
3320,O125570,24-/2-3/,Missing/Wrong item
3321,O125599,024-7/-29,Defective
3322,O125629,025-7/-14,Not as described
3323,O125725,024-7/-14,Not as described
3324,O125774,025-5/-25,Defective
3325,O125779,24-/2-7/,Not as described
3326,O125790,24-/2-1/,Not as described
3327,O125939,25-/2-7/,Defective
3328,O125945,024-1/-16,Not as described
3329,O125957,024-2/-8/,Defective
3330,O125971,25-/2-2/,Not as described
3331,O125975,025-9/-12,No longer needed
3332,O125979,024-2/-26,No longer needed
3333,O125995,025-9/-14,Defective
3334,O126024,25-/2-4/,Not as described
3335,O126036,024-6/-18,Not as described
3336,O126045,024-9/-20,Defective
3337,O126068,024-3/-16,Defective
3338,O126082,25-/2-8/,No longer needed
3339,O126100,024-7/-27,No longer needed
3340,O126148,2024-12-22,No longer needed
3341,O126160,024-2/-11,Missing/Wrong item
3342,O126209,024-1/-17,No longer needed
3343,O126288,2024-11-25,Defective
3344,O126309,025-5/-14,Defective
3345,O126351,025-7/-21,Not as described
3346,O126353,025-8/-29,Defective
3347,O126358,024-5/-22,Missing/Wrong item
3348,O126362,25-/2-5/,Missing/Wrong item
3349,O126367,2023-11-16,Missing/Wrong item
3350,O126395,25-/2-8/,Defective
3351,O126419,025-5/-27,No longer needed
3352,O126438,024-6/-29,Defective
3353,O126458,24-/2-2/,Defective
3354,O126523,024-0/-2/,No longer needed
3355,O126537,024-4/-18,Defective
3356,O126540,024-2/-14,Not as described
3357,O126587,2024-12-17,Defective
3358,O126595,24-/2-7/,Not as described
3359,O126614,24-/2-1/,Slow delivery
3360,O126622,025-4/-25,Missing/Wrong item
3361,O126649,024-1/-7/,Defective
3362,O126655,024-6/-24,Not as described
3363,O126671,2024-11-28,Not as described
3364,O126672,24-/2-6/,Missing/Wrong item
3365,O126676,025-9/-15,Not as described
3366,O126701,025-2/-15,Defective
3367,O126746,024-8/-10,No longer needed
3368,O126749,2024-11-11,No longer needed
3369,O126780,2023-11-22,Defective
3370,O126791,2024-10-16,Defective
3371,O126806,023-0/-1/,Missing/Wrong item
3372,O126810,025-7/-13,Missing/Wrong item
3373,O126820,2024-10-19,Not as described
3374,O126824,025-5/-17,Defective
3375,O126826,25-/2-4/,Missing/Wrong item
3376,O126854,24-/2-4/,No longer needed
3377,O126862,024-4/-19,Defective
3378,O126896,025-6/-18,Not as described
3379,O126897,024-5/-17,Missing/Wrong item
3380,O126900,025-8/-21,No longer needed
3381,O126921,025-1/-14,Missing/Wrong item
3382,O126922,24-/2-2/,Defective
3383,O126948,24-/2-1/,Not as described
3384,O126970,024-4/-18,Not as described
3385,O126973,24-/2-5/,Not as described
3386,O127007,024-9/-30,Defective
3387,O127022,024-8/-12,Not as described
3388,O127064,24-/2-9/,No longer needed
3389,O127066,025-3/-16,Defective
3390,O127068,024-8/-14,No longer needed
3391,O127078,024-3/-22,Defective
3392,O127101,025-3/-30,Defective
3393,O127114,2023-12-15,Defective
3394,O127121,024-4/-14,Slow delivery
3395,O127126,025-5/-23,Missing/Wrong item
3396,O127127,024-5/-14,Defective
3397,O127149,024-7/-27,Missing/Wrong item
3398,O127150,24-/2-3/,Not as described
3399,O127169,024-6/-25,Defective
3400,O127179,025-6/-23,Missing/Wrong item
3401,O127265,25-/2-8/,Defective
3402,O127282,024-9/-23,Missing/Wrong item
3403,O127298,025-2/-28,Not as described
3404,O127299,025-2/-23,No longer needed
3405,O127302,24-/2-6/,Defective
3406,O127303,2024-11-11,Missing/Wrong item
3407,O127332,024-1/-19,Not as described
3408,O127361,025-2/-28,Missing/Wrong item
3409,O127372,025-9/-27,Missing/Wrong item
3410,O127385,2024-10-10,Not as described
3411,O127389,24-/2-8/,Defective
3412,O127428,025-1/-29,No longer needed
3413,O127460,024-4/-18,Not as described
3414,O127465,024-2/-2/,Missing/Wrong item
3415,O127509,025-8/-14,Not as described
3416,O127535,2023-10-27,Missing/Wrong item
3417,O127555,024-2/-7/,Not as described
3418,O127558,024-2/-16,No longer needed
3419,O127567,025-7/-11,Missing/Wrong item
3420,O127572,025-2/-13,Missing/Wrong item
3421,O127575,025-9/-10,Not as described
3422,O127624,25-/2-7/,Missing/Wrong item
3423,O127629,024-5/-22,Missing/Wrong item
3424,O127646,024-1/-25,Not as described
3425,O127676,025-8/-21,Not as described
3426,O127680,024-7/-23,No longer needed
3427,O127687,024-1/-3/,Not as described
3428,O127735,25-/2-1/,Defective
3429,O127746,025-2/-14,No longer needed
3430,O127774,025-6/-28,Not as described
3431,O127799,2024-11-22,Not as described
3432,O127800,025-2/-28,Not as described
3433,O127842,24-/2-9/,No longer needed
3434,O127876,25-/2-4/,Missing/Wrong item
3435,O127884,025-0/-3/,Defective
3436,O127908,024-8/-25,No longer needed
3437,O127916,025-8/-24,Missing/Wrong item
3438,O127922,2024-11-21,Missing/Wrong item
3439,O127924,25-/2-4/,No longer needed
3440,O127961,24-/2-8/,Not as described
3441,O127985,24-/2-9/,Not as described
3442,O128003,2024-12-14,Missing/Wrong item
3443,O128006,24-/2-9/,Not as described
3444,O128009,024-8/-21,Not as described
3445,O128043,24-/2-8/,Defective
3446,O128052,024-4/-15,Missing/Wrong item
3447,O128061,025-6/-15,Not as described
3448,O128067,2023-11-30,Missing/Wrong item
3449,O128072,2023-12-19,No longer needed
3450,O128084,025-8/-28,Not as described
3451,O128127,025-5/-20,Defective
3452,O128132,24-/2-4/,Defective
3453,O128136,024-7/-10,Missing/Wrong item
3454,O128165,024-0/-9/,No longer needed
3455,O128169,25-/2-6/,Missing/Wrong item
3456,O128179,025-3/-22,No longer needed
3457,O128192,024-6/-20,Not as described
3458,O128197,024-4/-30,Not as described
3459,O128199,025-5/-24,No longer needed
3460,O128204,2023-10-28,Defective
3461,O128214,024-3/-19,Not as described
3462,O128269,2023-12-14,Defective
3463,O128276,2024-10-21,Not as described
3464,O128290,025-7/-25,Defective
3465,O128331,2024-11-15,Missing/Wrong item
3466,O128341,025-7/-24,No longer needed
3467,O128353,024-9/-29,Slow delivery
3468,O128361,2024-10-13,No longer needed
3469,O128396,024-3/-28,Not as described
3470,O128418,025-5/-24,Not as described
3471,O128443,24-/2-5/,Defective
3472,O128477,024-5/-15,Missing/Wrong item
3473,O128501,25-/2-5/,Not as described
3474,O128547,024-9/-12,Not as described
3475,O128549,025-4/-22,Missing/Wrong item
3476,O128626,025-8/-22,No longer needed
3477,O128644,024-4/-18,Missing/Wrong item
3478,O128657,24-/2-9/,Defective
3479,O128660,25-/2-8/,No longer needed
3480,O128666,2023-11-25,No longer needed
3481,O128689,025-9/-17,No longer needed
3482,O128740,024-8/-23,No longer needed
3483,O128748,025-3/-15,No longer needed
3484,O128778,024-9/-26,Missing/Wrong item
3485,O128800,024-1/-8/,Not as described
3486,O128812,025-1/-16,Not as described
3487,O128825,025-2/-22,Not as described
3488,O128835,024-7/-24,No longer needed
3489,O128838,025-9/-14,No longer needed
3490,O128850,025-6/-13,Not as described
3491,O128870,025-3/-27,Defective
3492,O128884,023-0/-1/,Missing/Wrong item
3493,O128890,025-8/-21,Defective
3494,O128930,025-1/-14,No longer needed
3495,O128943,025-2/-15,No longer needed
3496,O128947,025-6/-11,Not as described
3497,O128948,025-9/-30,No longer needed
3498,O128952,025-5/-12,Defective
3499,O128957,2024-10-15,Missing/Wrong item
3500,O129004,024-2/-23,Missing/Wrong item
3501,O129019,025-3/-12,Not as described
3502,O129051,024-1/-15,Missing/Wrong item
3503,O129080,24-/2-5/,Missing/Wrong item
3504,O129109,024-2/-28,Missing/Wrong item
3505,O129112,24-/2-5/,Not as described
3506,O129119,024-1/-31,Defective
3507,O129125,023-2/-2/,Defective
3508,O129159,025-4/-27,Not as described
3509,O129160,024-3/-13,Missing/Wrong item
3510,O129166,025-2/-23,Not as described
3511,O129187,024-8/-19,No longer needed
3512,O129189,2024-12-14,No longer needed
3513,O129250,025-2/-10,Missing/Wrong item
3514,O129263,024-9/-29,No longer needed
3515,O129297,023-2/-7/,Defective
3516,O129306,025-7/-12,Missing/Wrong item
3517,O129329,024-4/-25,Missing/Wrong item
3518,O129333,024-6/-24,Missing/Wrong item
3519,O129342,024-3/-15,Not as described
3520,O129398,025-5/-12,Not as described
3521,O129460,025-7/-28,Defective
3522,O129462,024-2/-23,Missing/Wrong item
3523,O129491,025-4/-28,Missing/Wrong item
3524,O129522,2024-12-16,Missing/Wrong item
3525,O129532,025-8/-30,No longer needed
3526,O129544,2023-11-10,Defective
3527,O129565,024-1/-23,Missing/Wrong item
3528,O129595,2024-11-20,Missing/Wrong item
3529,O129598,024-9/-23,Not as described
3530,O129623,024-7/-30,Defective
3531,O129624,25-/2-8/,No longer needed
3532,O129649,024-5/-10,Missing/Wrong item
3533,O129696,2024-11-23,Not as described
3534,O129703,2024-11-28,Defective
3535,O129726,024-5/-19,No longer needed
3536,O129728,24-/2-3/,No longer needed
3537,O129733,024-1/-11,Missing/Wrong item
3538,O129758,24-/2-6/,No longer needed
3539,O129771,2023-12-26,No longer needed
3540,O129775,2023-10-10,No longer needed
3541,O129784,2024-11-10,Slow delivery
3542,O129816,25-/2-7/,Missing/Wrong item
3543,O129817,023-2/-1/,Defective
3544,O129846,024-5/-12,No longer needed
3545,O129847,25-/2-5/,Missing/Wrong item
3546,O129851,2024-10-14,Not as described
3547,O129879,024-0/-7/,Missing/Wrong item
3548,O129922,25-/2-7/,No longer needed
3549,O129931,023-9/-30,Not as described
3550,O129935,25-/2-9/,Not as described
3551,O129948,025-8/-27,No longer needed
3552,O129955,024-4/-15,No longer needed
3553,O129973,25-/2-9/,Defective
3554,O129989,025-7/-26,Not as described
3555,O130045,024-4/-29,No longer needed
3556,O130057,024-8/-16,Defective
3557,O130075,024-6/-17,Missing/Wrong item
3558,O130088,025-7/-18,Missing/Wrong item
3559,O130149,025-9/-30,Missing/Wrong item
3560,O130154,24-/2-7/,Not as described
3561,O130155,024-8/-24,Not as described
3562,O130168,024-3/-25,Not as described
3563,O130175,2023-10-25,Defective
3564,O130177,025-6/-19,No longer needed
3565,O130191,024-6/-26,Defective
3566,O130259,025-1/-12,Missing/Wrong item
3567,O130282,2024-12-14,Missing/Wrong item
3568,O130283,024-7/-13,No longer needed
3569,O130289,025-8/-26,Missing/Wrong item
3570,O130315,2024-10-21,Defective
3571,O130326,024-1/-9/,Missing/Wrong item
3572,O130347,025-2/-26,Not as described
3573,O130351,2024-11-29,No longer needed
3574,O130353,2023-11-24,Defective
3575,O130406,024-0/-9/,Not as described
3576,O130411,25-/2-8/,No longer needed
3577,O130436,025-1/-13,Missing/Wrong item
3578,O130455,24-/2-9/,No longer needed
3579,O130478,024-7/-14,Missing/Wrong item
3580,O130489,024-1/-15,Not as described
3581,O130498,2024-12-10,Not as described
3582,O130544,025-2/-25,No longer needed
3583,O130551,24-/2-2/,No longer needed
3584,O130560,025-6/-28,Defective
3585,O130565,2024-12-13,Not as described
3586,O130580,2024-11-20,No longer needed
3587,O130583,024-3/-10,Missing/Wrong item
3588,O130589,2023-12-17,Missing/Wrong item
3589,O130596,024-1/-13,No longer needed
3590,O130614,025-4/-12,Defective
3591,O130629,025-4/-21,No longer needed
3592,O130633,2024-10-23,Defective
3593,O130658,2024-12-30,Not as described
3594,O130664,24-/2-2/,Defective
3595,O130666,2023-12-31,No longer needed
3596,O130697,024-5/-13,Defective
3597,O130708,2023-12-29,Missing/Wrong item
3598,O130710,024-5/-23,Not as described
3599,O130711,024-4/-16,Missing/Wrong item
3600,O130720,025-5/-29,No longer needed
3601,O130758,2023-10-14,No longer needed
3602,O130764,024-6/-16,Defective
3603,O130787,2024-11-17,No longer needed
3604,O130806,023-1/-3/,No longer needed
3605,O130820,024-1/-18,No longer needed
3606,O130865,025-1/-22,Defective
3607,O130927,25-/2-2/,Not as described
3608,O131000,025-9/-12,No longer needed
3609,O131006,2024-12-27,Not as described
3610,O131032,25-/2-5/,Defective
3611,O131041,2023-10-28,No longer needed
3612,O131053,24-/2-8/,Not as described
3613,O131075,024-9/-11,No longer needed
3614,O131087,2023-11-23,Not as described
3615,O131122,024-3/-28,Not as described
3616,O131182,024-3/-14,Defective
3617,O131212,2023-12-31,Missing/Wrong item
3618,O131241,025-4/-27,No longer needed
3619,O131245,024-1/-9/,No longer needed
3620,O131250,023-2/-8/,Defective
3621,O131252,024-2/-23,Missing/Wrong item
3622,O131267,024-5/-21,Defective
3623,O131284,025-8/-12,Not as described
3624,O131322,024-4/-29,Not as described
3625,O131329,2023-10-31,Missing/Wrong item
3626,O131338,025-7/-22,No longer needed
3627,O131365,24-/2-8/,No longer needed
3628,O131371,025-7/-11,Defective
3629,O131382,024-1/-19,No longer needed
3630,O131383,025-7/-29,Not as described
3631,O131405,024-2/-28,Defective
3632,O131416,025-4/-14,Defective
3633,O131439,024-1/-29,No longer needed
3634,O131447,025-7/-30,No longer needed
3635,O131462,2024-11-23,Not as described
3636,O131466,024-4/-23,Defective
3637,O131482,25-/2-5/,Not as described
3638,O131485,24-/2-6/,Not as described
3639,O131506,24-/2-6/,No longer needed
3640,O131518,24-/2-9/,Not as described
3641,O131545,024-8/-21,Not as described
3642,O131571,024-2/-7/,Defective
3643,O131620,25-/2-7/,Not as described
3644,O131716,025-2/-27,Missing/Wrong item
3645,O131718,025-1/-12,Not as described
3646,O131728,024-4/-18,Not as described
3647,O131754,024-1/-18,No longer needed
3648,O131777,025-4/-12,Defective
3649,O131793,024-2/-4/,No longer needed
3650,O131798,25-/2-4/,Not as described
3651,O131814,025-2/-24,Not as described
3652,O131857,25-/2-8/,Defective
3653,O131872,025-4/-26,Defective
3654,O131909,024-1/-20,Not as described
3655,O131921,25-/2-2/,Defective
3656,O131932,024-3/-23,No longer needed
3657,O131943,024-8/-17,Missing/Wrong item
3658,O131957,2024-11-24,Missing/Wrong item
3659,O131963,025-9/-12,Defective
3660,O131968,024-1/-17,Defective
3661,O132014,025-4/-28,Missing/Wrong item
3662,O132017,024-1/-7/,Missing/Wrong item
3663,O132027,25-/2-1/,No longer needed
3664,O132028,025-5/-19,No longer needed
3665,O132041,025-6/-13,Not as described
3666,O132043,024-1/-2/,Not as described
3667,O132075,024-7/-23,No longer needed
3668,O132098,024-4/-24,Missing/Wrong item
3669,O132111,025-8/-19,No longer needed
3670,O132119,023-2/-6/,Defective
3671,O132148,025-4/-24,Defective
3672,O132152,023-1/-3/,Not as described
3673,O132159,025-7/-21,Not as described
3674,O132163,025-9/-10,Defective
3675,O132174,024-9/-30,Missing/Wrong item
3676,O132176,24-/2-1/,Defective
3677,O132190,025-8/-12,No longer needed
3678,O132200,24-/2-7/,Defective
3679,O132242,025-7/-20,Not as described
3680,O132256,024-7/-20,Not as described
3681,O132276,2024-11-29,No longer needed
3682,O132290,025-5/-17,No longer needed
3683,O132299,025-6/-30,Defective
3684,O132304,024-8/-27,Missing/Wrong item
3685,O132322,24-/2-2/,Not as described
3686,O132345,024-8/-16,Defective
3687,O132360,025-1/-19,No longer needed
3688,O132373,024-1/-17,Defective
3689,O132378,25-/2-9/,Missing/Wrong item
3690,O132385,2024-12-21,Not as described
3691,O132389,2023-10-19,Not as described
3692,O132403,024-7/-28,Missing/Wrong item
3693,O132447,024-2/-19,Defective
3694,O132464,024-7/-31,Not as described
3695,O132465,025-5/-19,No longer needed
3696,O132473,2024-12-22,Missing/Wrong item
3697,O132533,025-9/-13,No longer needed
3698,O132536,024-3/-19,Not as described
3699,O132555,24-/2-2/,Missing/Wrong item
3700,O132558,024-3/-27,Not as described
3701,O132559,025-8/-18,Defective
3702,O132581,024-3/-27,No longer needed
3703,O132583,025-4/-21,Missing/Wrong item
3704,O132599,2023-11-28,Not as described
3705,O132656,024-2/-18,Not as described
3706,O132666,025-1/-13,Defective
3707,O132678,024-2/-27,No longer needed
3708,O132679,024-7/-29,Missing/Wrong item
3709,O132717,2024-12-14,Defective
3710,O132721,2023-11-17,No longer needed
3711,O132738,2024-12-24,Missing/Wrong item
3712,O132742,024-4/-19,Not as described
3713,O132744,2024-10-22,Not as described
3714,O132747,025-5/-22,No longer needed
3715,O132761,024-5/-15,Not as described
3716,O132773,024-8/-21,Defective
3717,O132774,25-/2-8/,Missing/Wrong item
3718,O132776,024-1/-14,Missing/Wrong item
3719,O132790,024-4/-15,Defective
3720,O132804,025-5/-26,Not as described
3721,O132809,023-2/-2/,Missing/Wrong item
3722,O132813,024-1/-2/,Defective
3723,O132818,024-9/-27,Not as described
3724,O132916,24-/2-5/,No longer needed
3725,O132931,25-/2-1/,No longer needed
3726,O132948,025-5/-13,Not as described
3727,O132960,2023-10-25,No longer needed
3728,O132963,024-2/-22,No longer needed
3729,O132969,024-8/-14,Defective
3730,O132971,25-/2-9/,Not as described
3731,O132990,024-3/-29,Not as described
3732,O132992,024-2/-18,Not as described
3733,O132993,2024-12-15,Not as described
3734,O133000,2024-12-17,No longer needed
3735,O133057,25-/2-6/,Missing/Wrong item
3736,O133063,024-4/-15,No longer needed
3737,O133136,24-/2-4/,No longer needed
3738,O133142,025-6/-16,Missing/Wrong item
3739,O133146,024-9/-20,Missing/Wrong item
3740,O133158,024-3/-30,No longer needed
3741,O133204,2024-11-23,Not as described
3742,O133232,024-0/-2/,No longer needed
3743,O133234,024-6/-21,Defective
3744,O133265,024-9/-15,Defective
3745,O133295,24-/2-6/,No longer needed
3746,O133297,025-1/-29,Not as described
3747,O133308,24-/2-2/,Defective
3748,O133310,2023-12-15,Missing/Wrong item
3749,O133313,023-0/-6/,Not as described
3750,O133350,2024-12-17,Not as described
3751,O133353,025-2/-26,Not as described
3752,O133376,025-3/-26,Not as described
3753,O133401,025-4/-16,No longer needed
3754,O133427,025-7/-14,No longer needed
3755,O133434,024-8/-13,Defective
3756,O133439,25-/2-8/,Missing/Wrong item
3757,O133507,024-5/-14,Missing/Wrong item
3758,O133528,24-/2-6/,Not as described
3759,O133534,025-4/-24,No longer needed
3760,O133551,024-3/-11,No longer needed
3761,O133557,25-/2-2/,Defective
3762,O133566,025-4/-22,Not as described
3763,O133577,2023-11-22,No longer needed
3764,O133610,24-/2-9/,Missing/Wrong item
3765,O133682,2024-10-25,No longer needed
3766,O133687,25-/2-4/,Missing/Wrong item
3767,O133699,025-2/-28,No longer needed
3768,O133711,025-1/-28,Defective
3769,O133720,024-6/-17,Defective
3770,O133721,024-1/-12,No longer needed
3771,O133771,25-/2-2/,Missing/Wrong item
3772,O133785,2024-11-15,Missing/Wrong item
3773,O133809,023-9/-29,Defective
3774,O133817,25-/2-1/,Not as described
3775,O133834,024-3/-11,Missing/Wrong item
3776,O133860,2023-10-26,Missing/Wrong item
3777,O133882,025-7/-14,No longer needed
3778,O133887,024-3/-23,No longer needed
3779,O133913,2024-11-30,Not as described
3780,O133936,024-8/-19,Missing/Wrong item
3781,O133950,024-9/-30,No longer needed
3782,O133983,024-6/-17,Not as described
3783,O134015,2023-10-29,Not as described
3784,O134039,024-0/-1/,Not as described
3785,O134092,25-/2-1/,Defective
3786,O134111,25-/2-1/,Not as described
3787,O134124,24-/2-6/,No longer needed
3788,O134147,024-8/-11,Missing/Wrong item
3789,O134160,024-5/-12,No longer needed
3790,O134190,023-9/-28,No longer needed
3791,O134203,024-6/-12,No longer needed
3792,O134239,024-1/-18,Not as described
3793,O134254,025-3/-14,No longer needed
3794,O134260,024-1/-2/,Missing/Wrong item
3795,O134273,025-4/-22,Missing/Wrong item
3796,O134335,24-/2-9/,No longer needed
3797,O134343,025-7/-19,Not as described
3798,O134385,2023-12-10,Defective
3799,O134412,023-2/-5/,Not as described
3800,O134415,024-7/-22,No longer needed
3801,O134431,2023-10-12,Missing/Wrong item
3802,O134461,2023-11-26,Defective
3803,O134462,024-1/-24,No longer needed
3804,O134464,024-3/-20,No longer needed
3805,O134467,024-1/-29,No longer needed
3806,O134496,2023-12-27,No longer needed
